HTTrack3.49-2+htsswf+htsjava launched on Sun, 13 Nov 2022 16:09:42 at https://www.georgiasouthern.edu/ +*.png +*.gif +*.jpg +*.jpeg +*.css +*.js -ad.doubleclick.net/* -mime:application/foobar
(winhttrack -qwC2%Ps2u1%s%uN0%I0p3DaK0H0%kf2A25000%f#f -F "Mozilla/4.5 (compatible; HTTrack 3.0x; Windows 98)" -%F "<!-- Mirrored from %s%s by HTTrack Website Copier/3.x [XR&CO'2014], %s -->" -%l "en, *" https://www.georgiasouthern.edu/ -O1 "C:\Users\RAJAT SINGH\OneDrive\Desktop\Internship myknot\Day21\Web103\Site103" +*.png +*.gif +*.jpg +*.jpeg +*.css +*.js -ad.doubleclick.net/* -mime:application/foobar )

Information, Warnings and Errors reported for this mirror:
note:	the hts-log.txt file, and hts-cache folder, may contain sensitive information,
	such as username/password authentication for websites mirrored in this project
	do not share these files/folders if you want these information to remain private

16:09:45	Warning: 	Note: due to https://www.georgiasouthern.edu remote robots.txt rules, links beginning with these path will be forbidden: /feed, /feed/, */feed, */feed/, /cgi-bin/, /comment, /comments, /comments/, */comment, */comments, */comments/, /trackback, /trackback/, */trackback, */trackback/, /wp-admin, /wp-admin/, /wp-content, /wp-content/, /wp-includes, /wp-includes/, /wp-login.php, */wp-admin, */wp-admin/, */wp-content, */wp-content/, */wp-includes, */wp-includes/, */wp-login.php, */page/, */news/page/, */category/, */tag/, /blog, /blog/, */blog, */blog/, *.doc$, *.docx$, *.pdf$, *.gif$, *.jpg$, *.pdf$, *.png$, *.ppt$, *.pptx$, *.xls$, *.xlsx$, *.zip$, /_ARCHIVES/, /_upgrade/, /alert/, /audio/, /class/, /cms/, /commencement/img/, /commencement/includes/, /commencement/pdf/, /css/, /dev/, /documents/, /downloads/, /facebook/, /holiday/api/, /holiday/img/, /holiday/wallpaper/, /home-content/, /images/, /includes/, /map/images/, /map/jqpan/, /programs/, /rss/, /update/, /404.php, /gsucalendar_110609.ics, /ie-css3.htc, /iepngfix.htc, /index-full.php, /index-NON-WP.php, /mobile_check.php, /mobile_test.php, /mobileme.php, /PIE.htc, /search.php, /staging/ (see in the options to disable this)
16:10:54	Error: 	"Bad Request" (400) at link https://www.googletagmanager.com/gtm.js?id= (from https://www.georgiasouthern.edu/)
16:10:55	Warning: 	Moved Permanently for www.georgiasouthern.edu/robots.txt
16:10:55	Warning: 	Redirected link is identical because of 'URL Hack' option: www.georgiasouthern.edu/robots.txt and https://www.georgiasouthern.edu/robots.txt
16:10:55	Warning: 	Warning moved treated for www.georgiasouthern.edu/robots.txt (real one is https://www.georgiasouthern.edu/robots.txt)
16:10:55	Warning: 	Moved Permanently for www.georgiasouthern.edu/about/
16:10:55	Warning: 	Redirected link is identical because of 'URL Hack' option: www.georgiasouthern.edu/about/ and https://www.georgiasouthern.edu/about/
16:10:55	Warning: 	File has moved from www.georgiasouthern.edu/about/ to https://www.georgiasouthern.edu/about/
16:10:55	Warning: 	Moved Permanently for www.georgiasouthern.edu/history/
16:10:55	Warning: 	Redirected link is identical because of 'URL Hack' option: www.georgiasouthern.edu/history/ and https://www.georgiasouthern.edu/history/
16:10:55	Warning: 	File has moved from www.georgiasouthern.edu/history/ to https://www.georgiasouthern.edu/history/
16:10:55	Warning: 	Moved Permanently for www.georgiasouthern.edu/inclusive-excellence/
16:10:55	Warning: 	Redirected link is identical because of 'URL Hack' option: www.georgiasouthern.edu/inclusive-excellence/ and https://www.georgiasouthern.edu/inclusive-excellence/
16:10:55	Warning: 	File has moved from www.georgiasouthern.edu/inclusive-excellence/ to https://www.georgiasouthern.edu/inclusive-excellence/
16:10:55	Warning: 	Moved Permanently for www.georgiasouthern.edu/leadership-and-divisions/
16:10:55	Warning: 	Redirected link is identical because of 'URL Hack' option: www.georgiasouthern.edu/leadership-and-divisions/ and https://www.georgiasouthern.edu/leadership-and-divisions/
16:10:55	Warning: 	File has moved from www.georgiasouthern.edu/leadership-and-divisions/ to https://www.georgiasouthern.edu/leadership-and-divisions/
16:10:55	Warning: 	Moved Permanently for www.georgiasouthern.edu/traditions/
16:10:55	Warning: 	Redirected link is identical because of 'URL Hack' option: www.georgiasouthern.edu/traditions/ and https://www.georgiasouthern.edu/traditions/
16:10:55	Warning: 	File has moved from www.georgiasouthern.edu/traditions/ to https://www.georgiasouthern.edu/traditions/
16:10:55	Warning: 	Moved Permanently for www.georgiasouthern.edu/campuses/
16:10:55	Warning: 	Redirected link is identical because of 'URL Hack' option: www.georgiasouthern.edu/campuses/ and https://www.georgiasouthern.edu/campuses/
16:10:55	Warning: 	File has moved from www.georgiasouthern.edu/campuses/ to https://www.georgiasouthern.edu/campuses/
16:10:55	Warning: 	Moved Permanently for www.georgiasouthern.edu/map/
16:10:55	Warning: 	Redirected link is identical because of 'URL Hack' option: www.georgiasouthern.edu/map/ and https://www.georgiasouthern.edu/map/
16:10:55	Warning: 	File has moved from www.georgiasouthern.edu/map/ to https://www.georgiasouthern.edu/map/
16:10:55	Warning: 	Moved Permanently for www.georgiasouthern.edu/visitors/
16:10:55	Warning: 	Redirected link is identical because of 'URL Hack' option: www.georgiasouthern.edu/visitors/ and https://www.georgiasouthern.edu/visitors/
16:10:55	Warning: 	File has moved from www.georgiasouthern.edu/visitors/ to https://www.georgiasouthern.edu/visitors/
16:10:55	Warning: 	Moved Permanently for www.georgiasouthern.edu/majors/
16:10:55	Warning: 	Redirected link is identical because of 'URL Hack' option: www.georgiasouthern.edu/majors/ and https://www.georgiasouthern.edu/majors/
16:10:55	Warning: 	File has moved from www.georgiasouthern.edu/majors/ to https://www.georgiasouthern.edu/majors/
16:10:55	Warning: 	Moved Permanently for www.georgiasouthern.edu/graduate-programs/
16:10:55	Warning: 	Redirected link is identical because of 'URL Hack' option: www.georgiasouthern.edu/graduate-programs/ and https://www.georgiasouthern.edu/graduate-programs/
16:10:55	Warning: 	File has moved from www.georgiasouthern.edu/graduate-programs/ to https://www.georgiasouthern.edu/graduate-programs/
16:10:55	Warning: 	Moved Permanently for www.georgiasouthern.edu/accelerated-bachelor-master-programs/
16:10:55	Warning: 	Redirected link is identical because of 'URL Hack' option: www.georgiasouthern.edu/accelerated-bachelor-master-programs/ and https://www.georgiasouthern.edu/accelerated-bachelor-master-programs/
16:10:55	Warning: 	File has moved from www.georgiasouthern.edu/accelerated-bachelor-master-programs/ to https://www.georgiasouthern.edu/accelerated-bachelor-master-programs/
16:10:55	Warning: 	Moved Permanently for www.georgiasouthern.edu/campuslife/
16:10:55	Warning: 	Redirected link is identical because of 'URL Hack' option: www.georgiasouthern.edu/campuslife/ and https://www.georgiasouthern.edu/campuslife/
16:10:55	Warning: 	File has moved from www.georgiasouthern.edu/campuslife/ to https://www.georgiasouthern.edu/campuslife/
16:10:55	Warning: 	Moved Permanently for www.georgiasouthern.edu/campuses/statesboro-campus/
16:10:55	Warning: 	Redirected link is identical because of 'URL Hack' option: www.georgiasouthern.edu/campuses/statesboro-campus/ and https://www.georgiasouthern.edu/campuses/statesboro-campus/
16:10:55	Warning: 	File has moved from www.georgiasouthern.edu/campuses/statesboro-campus/ to https://www.georgiasouthern.edu/campuses/statesboro-campus/
16:10:55	Warning: 	Moved Permanently for www.georgiasouthern.edu/campuses/armstrong-campus/
16:10:55	Warning: 	Redirected link is identical because of 'URL Hack' option: www.georgiasouthern.edu/campuses/armstrong-campus/ and https://www.georgiasouthern.edu/campuses/armstrong-campus/
16:10:55	Warning: 	File has moved from www.georgiasouthern.edu/campuses/armstrong-campus/ to https://www.georgiasouthern.edu/campuses/armstrong-campus/
16:10:55	Warning: 	Moved Permanently for www.georgiasouthern.edu/campuses/liberty-campus/
16:10:55	Warning: 	Redirected link is identical because of 'URL Hack' option: www.georgiasouthern.edu/campuses/liberty-campus/ and https://www.georgiasouthern.edu/campuses/liberty-campus/
16:10:55	Warning: 	File has moved from www.georgiasouthern.edu/campuses/liberty-campus/ to https://www.georgiasouthern.edu/campuses/liberty-campus/
16:10:55	Warning: 	Moved Permanently for www.georgiasouthern.edu/current-students/
16:10:55	Warning: 	Redirected link is identical because of 'URL Hack' option: www.georgiasouthern.edu/current-students/ and https://www.georgiasouthern.edu/current-students/
16:10:55	Warning: 	File has moved from www.georgiasouthern.edu/current-students/ to https://www.georgiasouthern.edu/current-students/
16:10:55	Warning: 	Moved Permanently for www.georgiasouthern.edu/faculty-staff/
16:10:55	Warning: 	Redirected link is identical because of 'URL Hack' option: www.georgiasouthern.edu/faculty-staff/ and https://www.georgiasouthern.edu/faculty-staff/
16:10:55	Warning: 	File has moved from www.georgiasouthern.edu/faculty-staff/ to https://www.georgiasouthern.edu/faculty-staff/
16:11:04	Warning: 	Moved Permanently for www.georgiasouthern.edu/siteindex/
16:11:04	Warning: 	Redirected link is identical because of 'URL Hack' option: www.georgiasouthern.edu/siteindex/ and https://www.georgiasouthern.edu/siteindex/
16:11:04	Warning: 	File has moved from www.georgiasouthern.edu/siteindex/ to https://www.georgiasouthern.edu/siteindex/
16:11:04	Warning: 	Moved Permanently for www.georgiasouthern.edu/privacy/
16:11:04	Warning: 	Redirected link is identical because of 'URL Hack' option: www.georgiasouthern.edu/privacy/ and https://www.georgiasouthern.edu/privacy/
16:11:04	Warning: 	File has moved from www.georgiasouthern.edu/privacy/ to https://www.georgiasouthern.edu/privacy/
16:11:04	Error: 	"Error when decompressing" (-1) at link www.georgiasouthern.edu/map (from https://www.georgiasouthern.edu/?ver=3.6.1)
16:11:04	Error: 	"Not Found" (404) at link www.georgiasouthern.edu/web_templates/global/fonts/ProximaNova/ProximaNova-Reg.eot? (from www.georgiasouthern.edu/web_templates/global/css/styles-2020.min.css)
16:11:04	Error: 	"Not Found" (404) at link www.georgiasouthern.edu/web_templates/global/fonts/ProximaNova/ProximaNova-Reg.svg (from www.georgiasouthern.edu/web_templates/global/css/styles-2020.min.css)
16:11:04	Error: 	"Not Found" (404) at link www.georgiasouthern.edu/web_templates/global/fonts/ProximaNova/ProximaNova-Bold.eot? (from www.georgiasouthern.edu/web_templates/global/css/styles-2020.min.css)
16:11:04	Error: 	"Not Found" (404) at link www.georgiasouthern.edu/web_templates/global/fonts/ProximaNova/ProximaNova-Bold.svg (from www.georgiasouthern.edu/web_templates/global/css/styles-2020.min.css)
16:11:04	Error: 	"Not Found" (404) at link www.georgiasouthern.edu/web_templates/global/fonts/ProximaNova/ProximaNova-Xbold.eot? (from www.georgiasouthern.edu/web_templates/global/css/styles-2020.min.css)
16:11:04	Error: 	"Not Found" (404) at link www.georgiasouthern.edu/web_templates/global/fonts/ProximaNova/ProximaNova-Xbold.svg (from www.georgiasouthern.edu/web_templates/global/css/styles-2020.min.css)
16:11:04	Error: 	"Not Found" (404) at link www.georgiasouthern.edu/web_templates/global/fonts/ProximaNova/ProximaNova-Sbold.eot? (from www.georgiasouthern.edu/web_templates/global/css/styles-2020.min.css)
16:11:04	Error: 	"Not Found" (404) at link www.georgiasouthern.edu/web_templates/global/fonts/ProximaNova/ProximaNova-Sbold.svg (from www.georgiasouthern.edu/web_templates/global/css/styles-2020.min.css)
16:11:04	Error: 	"Not Found" (404) at link www.georgiasouthern.edu/web_templates/global/fonts/ProximaNova/ProximaNovaExCn-Black.eot? (from www.georgiasouthern.edu/web_templates/global/css/styles-2020.min.css)
16:11:04	Error: 	"Not Found" (404) at link www.georgiasouthern.edu/web_templates/global/fonts/ProximaNova/ProximaNovaExCn-Black.svg (from www.georgiasouthern.edu/web_templates/global/css/styles-2020.min.css)
16:11:05	Warning: 	Moved Permanently for https://www.georgiasouthern.edu/?p=8284
16:11:05	Warning: 	File has moved from https://www.georgiasouthern.edu/?p=8284 to https://www.georgiasouthern.edu/future-students/
16:11:05	Warning: 	Moved Permanently for https://www.georgiasouthern.edu/?p=4611
16:11:05	Warning: 	File has moved from https://www.georgiasouthern.edu/?p=4611 to https://www.georgiasouthern.edu/military-veterans/
16:11:06	Warning: 	Moved Permanently for https://www.georgiasouthern.edu/?p=5718
16:11:06	Warning: 	File has moved from https://www.georgiasouthern.edu/?p=5718 to https://www.georgiasouthern.edu/working-professionals/
16:11:09	Warning: 	Moved Permanently for https://www.georgiasouthern.edu/?p=5632
16:11:09	Warning: 	File has moved from https://www.georgiasouthern.edu/?p=5632 to https://www.georgiasouthern.edu/finish/

HTTrack Website Copier/3.49-2 mirror complete in 1 minutes 27 seconds : 103 links scanned, 66 files written (3599367 bytes overall) [2194556 bytes received at 25224 bytes/sec], 1907646 bytes transferred using HTTP compression in 68 files, ratio 22%, 1.9 requests per connection
(12 errors, 69 warnings, 0 messages)
